{
	"channel": 
	{
		"result": "10",
		"pageCount": "991",
		"title": "Search Daum Open API",
		"totalCount": "27498",
		"description": "Daum Open API search result",
		"item": 
		[
			{
				"pubDate": "20170625193150",
				"category": "홈페이지 제작/관리,프로그래밍,웹프로그래밍,",
				"title": "&lt;b&gt;java&lt;/b&gt; 웹",
				"answerCount": "2",
				"description": "국가지원으로 학원을 다녀 배웠는데 서버는 톰캣! 데이터베이스는 오라클,MYSQL를 사용하였고 언어는 &lt;b&gt;java&lt;/b&gt;를 사용했습니다. 툴은 스프링프레임워크 입니다.다름이 아니라 홈페이지를 만들어 쇼핑물을 하고싶은데 서버구축을...",
				"link": "http://tip.daum.net/question/95732634"
			},

			{
				"pubDate": "20170809100640",
				"category": "프로그래밍,",
				"title": "&lt;b&gt;Java&lt;/b&gt;프로그래밍 하기 위해 들어가야 하는 곳",
				"answerCount": "2",
				"description": "&lt;b&gt;Java&lt;/b&gt;가 설치 되어 있어서 프로그래밍을 해 보려고 하는데 프로그래밍을 하려면 어디에 들어가야 하나요?",
				"link": "http://tip.daum.net/question/96877843"
			},

			{
				"pubDate": "20170118210024",
				"category": "컴퓨터,프로그래밍,",
				"title": "&lt;b&gt;Java&lt;/b&gt;script로 이런 장난 경고창을 만들어주세요",
				"answerCount": "1",
				"description": "바로 가기를 바탕화면에서 열면 &lt;b&gt;java&lt;/b&gt;script를 통해서 다음과 같은경고창에 카운트다운이 뜨면서 카운트다운이 종료되면 컴이 꺼지는 html 파일을 만들어주세요 :) 아직 &lt;b&gt;java&lt;/b&gt;script 초짜여서 모르겠네요잘 제목: 시스템의 메세지...",
				"link": "http://tip.daum.net/question/92038709"
			},

			{
				"pubDate": "20160829174513",
				"category": "국민신문고,",
				"title": "특허로 홈페이지 연결 시 \u201c지금 보고 있는 페이지는 &lt;b&gt;JAVA&lt;/b&gt;를 사용합니다...\u201d",
				"answerCount": "1",
				"description": "특허로 홈페이지 연결 시 \u201c지금 보고 있는 페이지는 &lt;b&gt;JAVA&lt;/b&gt;를 사용합니다...\u201d 라는 창이 나타나는 경우 어떻게 처리하나요?",
				"link": "http://tip.daum.net/question/89223281"
			},

			{
				"pubDate": "20161117185733",
				"category": "컴퓨터,프로그래밍,자바/JSP,",
				"title": "&lt;b&gt;java&lt;/b&gt; 질문이요 ㅠㅠ",
				"answerCount": "2",
				"description": "&lt;b&gt;java&lt;/b&gt; 연습문제입니다. 더하기 빼기 곱하기 나누기를 수행하는 각 클래스 Add, Sub, Mul, Div를 만들어라. int 타입의 변수 a, b = 연산하고자 하는 피연산자 void setValue(int a, int b) = 피연산자를 객체 내에 설정 int...",
				"link": "http://tip.daum.net/question/90799423"
			},

			{
				"pubDate": "20170126131942",
				"category": "프로그래밍,",
				"title": "&lt;b&gt;Java&lt;/b&gt; LinkedList의 원소로 LinkedList를 쓰고싶은데..",
				"answerCount": "1",
				"description": "radix sort 하면서 다음과 같은 구조로 프로그래밍 했습니다. import &lt;b&gt;java&lt;/b&gt;.util.*; public class Main2 { private int maxRadix = 1; public static void main(String[] args){ Scanner elementInput = new Scanner(System.in...",
				"link": "http://tip.daum.net/question/92222534"
			},

			{
				"pubDate": "20101013175428",
				"category": "프로그래밍,",
				"title": "&lt;b&gt;Java&lt;/b&gt; 업데이트",
				"answerCount": "4",
				"description": "새로산 컴퓨터 운영체제가 Windwos 7 인데요. 컴퓨터 창에 &lt;b&gt;Java&lt;/b&gt; 업데이트를 할 준비가 되어있습니다. 라고 뜨네요. &lt;b&gt;Java&lt;/b&gt;업데이트는 뭐고, &lt;b&gt;Java&lt;/b&gt;업데이트를 해도 되는 건지 알려주세요. 엑스퍼드 님 아니면 답변을 하지 말아주세요...",
				"link": "http://tip.daum.net/question/63275675"
			},

			{
				"pubDate": "20170426001057",
				"category": "프로그래밍,",
				"title": "&lt;b&gt;자바&lt;/b&gt; 문제 질문 &lt;b&gt;java&lt;/b&gt;",
				"answerCount": "1",
				"description": "1. 아래는초기금액 100만원을이자율 2.5%로4년간 예금해두었을경우에 총액및 복리이자를계산하는 코드이다. for문을 do-while문으로변경하여 InterestRate 클래스를작성하시오. int money = 1000000; double r = 0.025; int i...",
				"link": "http://tip.daum.net/question/94269146"
			},

			{
				"pubDate": "20080121185238",
				"category": "프로그래밍,",
				"title": "&lt;b&gt;자바&lt;/b&gt;(&lt;b&gt;java&lt;/b&gt;)개발자공부를할려고하는요. &lt;b&gt;JAVA&lt;/b&gt;공부와 &lt;b&gt;자바&lt;/b&gt;학원을다녀야하나요?",
				"answerCount": "8",
				"description": "&lt;b&gt;자바&lt;/b&gt;(&lt;b&gt;java&lt;/b&gt;)개발자공부를할려고하는요. &lt;b&gt;JAVA&lt;/b&gt;공부와 &lt;b&gt;자바&lt;/b&gt;학원을다녀야하나요?",
				"link": "http://tip.daum.net/question/50795010"
			},

			{
				"pubDate": "20160210193006",
				"category": "인터넷,컴퓨터,HTML,",
				"title": "&lt;b&gt;java&lt;/b&gt;삭제법무언가요",
				"answerCount": "3",
				"description": "&lt;b&gt;자바&lt;/b&gt;&lt;b&gt;java&lt;/b&gt;삭제어떻게 하나요? 완전히 없에는 방법이 여야합니다.",
				"link": "http://tip.daum.net/question/86701987"
			}
		],

		"lastBuildDate": "Fri, 25 Aug 2017 16:15:46 +0900",
		"link": "http://dna.daum.net/apis",
		"generator": "Daum Open API"
	}
}