<?xml version="1.0" encoding="UTF-8"?>
<channel>
	<title>Search Daum Open API</title>
	<description>Daum Open API search result</description>
	<generator>Daum Open API</generator>
	<link>http://dna.daum.net/apis</link>
	<lastBuildDate>Fri, 25 Aug 2017 11:26:41 +0900</lastBuildDate>
	<totalCount>27497</totalCount>
	<pageCount>991</pageCount>
	<result>10</result>
	<item>
		<answerCount>2</answerCount>
		<description>국가지원으로 학원을 다녀 배웠는데 서버는 톰캣! 데이터베이스는 오라클,MYSQL를 사용하였고 언어는
			&lt;b&gt;java&lt;/b&gt;를 사용했습니다. 툴은 스프링프레임워크 입니다.다름이 아니라 홈페이지를 만들어
			쇼핑물을 하고싶은데 서버구축을...</description>
		<pubDate>20170625193150</pubDate>
		<title>&lt;b&gt;java&lt;/b&gt; 웹</title>
		<link>http://tip.daum.net/question/95732634</link>
		<category>홈페이지 제작/관리,프로그래밍,웹프로그래밍,</category>
	</item>
	<item>
		<answerCount>2</answerCount>
		<description>&lt;b&gt;Java&lt;/b&gt;가 설치 되어 있어서 프로그래밍을 해 보려고 하는데
			프로그래밍을 하려면 어디에 들어가야 하나요?</description>
		<pubDate>20170809100640</pubDate>
		<title>&lt;b&gt;Java&lt;/b&gt;프로그래밍 하기 위해 들어가야 하는 곳</title>
		<link>http://tip.daum.net/question/96877843</link>
		<category>프로그래밍,</category>
	</item>
	<item>
		<answerCount>1</answerCount>
		<description>바로 가기를 바탕화면에서 열면 &lt;b&gt;java&lt;/b&gt;script를 통해서 다음과
			같은경고창에 카운트다운이 뜨면서 카운트다운이 종료되면 컴이 꺼지는 html 파일을 만들어주세요 :) 아직
			&lt;b&gt;java&lt;/b&gt;script 초짜여서 모르겠네요잘 제목: 시스템의 메세지...
		</description>
		<pubDate>20170118210024</pubDate>
		<title>&lt;b&gt;Java&lt;/b&gt;script로 이런 장난 경고창을 만들어주세요</title>
		<link>http://tip.daum.net/question/92038709</link>
		<category>컴퓨터,프로그래밍,</category>
	</item>
	<item>
		<answerCount>1</answerCount>
		<description>특허로 홈페이지 연결 시 “지금 보고 있는 페이지는 &lt;b&gt;JAVA&lt;/b&gt;를
			사용합니다...” 라는 창이 나타나는 경우 어떻게 처리하나요?</description>
		<pubDate>20160829174513</pubDate>
		<title>특허로 홈페이지 연결 시 “지금 보고 있는 페이지는 &lt;b&gt;JAVA&lt;/b&gt;를 사용합니다...”
		</title>
		<link>http://tip.daum.net/question/89223281</link>
		<category>국민신문고,</category>
	</item>
	<item>
		<answerCount>2</answerCount>
		<description>&lt;b&gt;java&lt;/b&gt; 연습문제입니다. 더하기 빼기 곱하기 나누기를 수행하는 각
			클래스 Add, Sub, Mul, Div를 만들어라. int 타입의 변수 a, b = 연산하고자 하는 피연산자 void
			setValue(int a, int b) = 피연산자를 객체 내에 설정 int...</description>
		<pubDate>20161117185733</pubDate>
		<title>&lt;b&gt;java&lt;/b&gt; 질문이요 ㅠㅠ</title>
		<link>http://tip.daum.net/question/90799423</link>
		<category>컴퓨터,프로그래밍,자바/JSP,</category>
	</item>
	<item>
		<answerCount>1</answerCount>
		<description>radix sort 하면서 다음과 같은 구조로 프로그래밍 했습니다. import
			&lt;b&gt;java&lt;/b&gt;.util.*; public class Main2 { private int
			maxRadix = 1; public static void main(String[] args){ Scanner
			elementInput = new Scanner(System.in...</description>
		<pubDate>20170126131942</pubDate>
		<title>&lt;b&gt;Java&lt;/b&gt; LinkedList의 원소로 LinkedList를 쓰고싶은데..
		</title>
		<link>http://tip.daum.net/question/92222534</link>
		<category>프로그래밍,</category>
	</item>
	<item>
		<answerCount>4</answerCount>
		<description>새로산 컴퓨터 운영체제가 Windwos 7 인데요. 컴퓨터 창에
			&lt;b&gt;Java&lt;/b&gt; 업데이트를 할 준비가 되어있습니다. 라고 뜨네요.
			&lt;b&gt;Java&lt;/b&gt;업데이트는 뭐고, &lt;b&gt;Java&lt;/b&gt;업데이트를 해도 되는
			건지 알려주세요. 엑스퍼드 님 아니면 답변을 하지 말아주세요...</description>
		<pubDate>20101013175428</pubDate>
		<title>&lt;b&gt;Java&lt;/b&gt; 업데이트</title>
		<link>http://tip.daum.net/question/63275675</link>
		<category>프로그래밍,</category>
	</item>
	<item>
		<answerCount>1</answerCount>
		<description>1. 아래는초기금액 100만원을이자율 2.5%로4년간 예금해두었을경우에 총액및 복리이자를계산하는
			코드이다. for문을 do-while문으로변경하여 InterestRate 클래스를작성하시오. int money =
			1000000; double r = 0.025; int i...</description>
		<pubDate>20170426001057</pubDate>
		<title>&lt;b&gt;자바&lt;/b&gt; 문제 질문 &lt;b&gt;java&lt;/b&gt;</title>
		<link>http://tip.daum.net/question/94269146</link>
		<category>프로그래밍,</category>
	</item>
	<item>
		<answerCount>8</answerCount>
		<description>&lt;b&gt;자바&lt;/b&gt;(&lt;b&gt;java&lt;/b&gt;)개발자공부를할려고하는요.
			&lt;b&gt;JAVA&lt;/b&gt;공부와 &lt;b&gt;자바&lt;/b&gt;학원을다녀야하나요?
		</description>
		<pubDate>20080121185238</pubDate>
		<title>&lt;b&gt;자바&lt;/b&gt;(&lt;b&gt;java&lt;/b&gt;)개발자공부를할려고하는요.
			&lt;b&gt;JAVA&lt;/b&gt;공부와 &lt;b&gt;자바&lt;/b&gt;학원을다녀야하나요?</title>
		<link>http://tip.daum.net/question/50795010</link>
		<category>프로그래밍,</category>
	</item>
	<item>
		<answerCount>3</answerCount>
		<description>&lt;b&gt;자바&lt;/b&gt;&lt;b&gt;java&lt;/b&gt;삭제어떻게 하나요?
			완전히 없에는 방법이 여야합니다.</description>
		<pubDate>20160210193006</pubDate>
		<title>&lt;b&gt;java&lt;/b&gt;삭제법무언가요</title>
		<link>http://tip.daum.net/question/86701987</link>
		<category>인터넷,컴퓨터,HTML,</category>
	</item>
</channel>

